Gene_Name	Count	log2FoldChange	URL
Hnrnpu	3	-0.0662072188826927	https://davidbioinformatics.nih.gov/api.jsp?type=ENTREZ_GENE_ID&ids=51810&tool=geneReport
Trim32	3	0.0607314167359842	https://davidbioinformatics.nih.gov/api.jsp?type=ENTREZ_GENE_ID&ids=69807&tool=geneReport
Rheb	2	0.0733012902996111	https://davidbioinformatics.nih.gov/api.jsp?type=ENTREZ_GENE_ID&ids=19744&tool=geneReport
Abcf2	2	0.0708616646679339	https://davidbioinformatics.nih.gov/api.jsp?type=ENTREZ_GENE_ID&ids=27407&tool=geneReport
Kif3b	2	0.0726733384101305	https://davidbioinformatics.nih.gov/api.jsp?type=ENTREZ_GENE_ID&ids=16569&tool=geneReport
Nek7	2	0.0740818180413708	https://davidbioinformatics.nih.gov/api.jsp?type=ENTREZ_GENE_ID&ids=59125&tool=geneReport
Actr8	2	0.0753542573060664	https://davidbioinformatics.nih.gov/api.jsp?type=ENTREZ_GENE_ID&ids=56249&tool=geneReport
Ppm1a	2	0.0717825030754318	https://davidbioinformatics.nih.gov/api.jsp?type=ENTREZ_GENE_ID&ids=19042&tool=geneReport
Atp2c1	2	0.078298193591621	https://davidbioinformatics.nih.gov/api.jsp?type=ENTREZ_GENE_ID&ids=235574&tool=geneReport
Acsl6	2	0.0789259614382089	https://davidbioinformatics.nih.gov/api.jsp?type=ENTREZ_GENE_ID&ids=216739&tool=geneReport
Ppm1b	2	0.0658203983963403	https://davidbioinformatics.nih.gov/api.jsp?type=ENTREZ_GENE_ID&ids=19043&tool=geneReport
Zfp106	2	0.058363964402056	https://davidbioinformatics.nih.gov/api.jsp?type=ENTREZ_GENE_ID&ids=20402&tool=geneReport
Mybbp1a	2	-0.0604909798218872	https://davidbioinformatics.nih.gov/api.jsp?type=ENTREZ_GENE_ID&ids=18432&tool=geneReport
Atad1	2	0.0689222299903614	https://davidbioinformatics.nih.gov/api.jsp?type=ENTREZ_GENE_ID&ids=67979&tool=geneReport
